{"train_acc": 0.9841666221618652, "test_acc": 0.8899999856948853, "nc1_end_task": 0.10163545608520508, "nc2_end_task": 5.960464477539063e-08, "nc3_end_task": 6.664001972467304e-08, "nc4_end_task": 1.0, "_timestamp": 1704467247.4049459, "_runtime": 187.08056783676147, "_step": 2, "_wandb": {"runtime": 186}}