{"train_acc": 0.6108333468437195, "test_acc": 0.6700000166893005, "nc1": 1.5369833707809448, "nc2": 2.9802322387695312e-08, "nc3": 2.6987152068613796e-07, "nc4": 0.8516666889190674, "_timestamp": 1704887475.654513, "_runtime": 65.98497486114502, "_step": 2, "_wandb": {"runtime": 64}}