{"train_acc": 0.9758332371711731, "test_acc": 0.9049999713897705, "NC1": 0.08929187804460526, "NC2": 5.960464477539063e-08, "NC3": 0.09962733089923859, "NC4": 1.0, "_timestamp": 1704462524.744164, "_runtime": 180.78437209129333, "_step": 119, "_wandb": {"runtime": 179}}