{"train_acc": 1.0, "test_acc": 0.8450000286102295, "NC1": 0.05985410138964653, "NC2": 2.9802322387695312e-08, "NC3": 0.2721615731716156, "NC4": 1.0, "_timestamp": 1704468493.024446, "_runtime": 529.4256551265717, "_step": 348, "nc1_end_task": 0.0768766850233078, "nc2_end_task": 5.960464477539063e-08, "nc3_end_task": 1.6323404850027146e-07, "nc4_end_task": 1.0}