{"train_acc": 0.5066666603088379, "test_acc": 0.6100000143051147, "nc1": 1.1915361881256104, "nc2": 1.0323827126512697e-07, "nc3": 1.7143460127044818e-06, "nc4": 0.7049999833106995, "_timestamp": 1704884899.8806689, "_runtime": 66.86216187477112, "_step": 2, "_wandb": {"runtime": 65}}