{"train_acc": 1.0, "test_acc": 0.8700000047683716, "NC1": 0.08026567101478577, "NC2": 3.588674815091508e-07, "NC3": 0.09962732344865799, "NC4": 1.0, "_timestamp": 1704469874.470156, "_runtime": 1375.0587060451508, "_step": 752, "train_acc_end_task": 1.0, "test_acc_end_task": 0.8700000047683716, "nc1_end_task": 0.07913663238286972, "nc2_end_task": 3.588674815091508e-07, "nc3_end_task": 5.380949232858256e-07, "nc4_end_task": 1.0, "_wandb": {"runtime": 1373}}