{"train_acc": 0.9808332324028015, "test_acc": 0.8849999904632568, "NC1": 0.12402781844139099, "NC2": 4.214684778958144e-08, "NC3": 0.01999680884182453, "NC4": 0.9800000190734863, "_timestamp": 1704467511.9285948, "_runtime": 187.39796590805054, "_step": 122, "nc1_end_task": 0.12575870752334595, "nc2_end_task": 4.214684778958144e-08, "nc3_end_task": 1.1920928955078125e-07, "nc4_end_task": 0.98416668176651, "_wandb": {"runtime": 186}}