{"train_acc": 0.6358333230018616, "test_acc": 0.7000000476837158, "nc1": 1.2384262084960938, "nc2": 8.940696716308594e-08, "nc3": 1.8371385124282824e-07, "nc4": 0.8475000262260437, "_timestamp": 1704885067.4163132, "_runtime": 65.96484422683716, "_step": 2, "_wandb": {"runtime": 65}}