{"train_acc": 0.6674999594688416, "test_acc": 0.6599999666213989, "nc1": 2.001009941101074, "nc2": 6.664001972467304e-08, "nc3": 3.6010283110954333e-07, "nc4": 0.9325000047683716, "_timestamp": 1704887346.2715268, "_runtime": 66.688720703125, "_step": 2, "_wandb": {"runtime": 65}}