{"train_acc": 0.7491666674613953, "test_acc": 0.7100000381469727, "NC1": 1.4421509504318237, "NC2": 1.0323827126512697e-07, "NC3": 0.0798088014125824, "NC4": 0.8899999856948853, "_timestamp": 1704462071.43949, "_runtime": 59.92514896392822, "_step": 39, "_wandb": {"runtime": 58}}