{"train_acc": 0.9958333969116211, "test_acc": 0.8999999761581421, "NC1": 0.07554127275943756, "NC2": 1.1920928955078125e-07, "NC3": 0.05991902947425842, "NC4": 1.0, "_timestamp": 1704464356.381187, "_runtime": 181.1595618724823, "_step": 2, "_wandb": {"runtime": 180}}