{"train_acc": 1.0, "test_acc": 0.8450000286102295, "NC1": 0.05137373134493828, "NC2": 5.057621592641226e-07, "NC3": 0.059919074177742004, "NC4": 1.0, "_timestamp": 1704471296.923531, "_runtime": 1148.1704370975494, "_step": 752, "train_acc_end_task": 1.0, "test_acc_end_task": 0.8450000286102295, "nc1_end_task": 0.07726247608661652, "nc2_end_task": 5.057621592641226e-07, "nc3_end_task": 4.823927497454861e-07, "nc4_end_task": 1.0, "_wandb": {"runtime": 1146}}