{"train_acc": 0.9833333492279053, "test_acc": 0.9049999713897705, "NC1": 0.08871430903673172, "NC2": 8.429369557916289e-08, "NC3": 0.03997601568698883, "NC4": 1.0, "_timestamp": 1704467867.1118212, "_runtime": 186.72307109832764, "_step": 122, "nc1_end_task": 0.11060937494039536, "nc2_end_task": 8.429369557916289e-08, "nc3_end_task": 1.1920928955078125e-07, "nc4_end_task": 0.9975000023841858, "_wandb": {"runtime": 185}}