{"train_acc": 0.9358332753181458, "test_acc": 0.8949999809265137, "nc1_end_task": {"_type": "histogram", "values": [20, 10, 2, 2, 1, 1, 0, 1, 0, 0, 0, 0, 1, 0, 0, 0, 1, 0, 0, 0, 0, 0, 0, 0, 0, 0, 0, 0, 0, 0, 0, 1], "bins": [0.13861031830310822, 0.3071092963218689, 0.4756082594394684, 0.6441072225570679, 0.812606155872345, 0.9811051487922668, 1.149604082107544, 1.3181030750274658, 1.4866020679473877, 1.65510094165802, 1.823599934577942, 1.9920989274978638, 2.160597801208496, 2.329096794128418, 2.49759578704834, 2.6660947799682617, 2.8345937728881836, 3.0030927658081055, 3.1715917587280273, 3.340090751647949, 3.508589506149292, 3.677088499069214, 3.8455874919891357, 4.014086723327637, 4.1825852394104, 4.351084232330322, 4.519583225250244, 4.688082218170166, 4.856581211090088, 5.02508020401001, 5.193579196929932, 5.3620781898498535, 5.530577182769775]}, "nc2_end_task": {"_type": "histogram", "values": [9, 0, 0, 0, 0, 0, 0, 0, 0, 7, 0, 0, 0, 3, 0, 0, 0, 0, 12, 0, 2, 0, 0, 0, 0, 0, 5, 0, 0, 1, 0, 1], "bins": [0.0, 3.2261959770352178e-09, 6.4523919540704355e-09, 9.678587709061048e-09, 1.2904783908140871e-08, 1.6130979219042274e-08, 1.9357175418122097e-08, 2.258337161720192e-08, 2.5809567816281742e-08, 2.9035764015361565e-08, 3.226195843808455e-08, 3.548815641352121e-08, 3.8714350836244193e-08, 4.1940548811680856e-08, 4.516674323440384e-08, 4.83929412098405e-08, 5.1619135632563484e-08, 5.484533005528647e-08, 5.807152803072313e-08, 6.129772600615979e-08, 6.45239168761691e-08, 6.775011485160576e-08, 7.097631282704242e-08, 7.420251080247908e-08, 7.742870167248839e-08, 8.065489964792505e-08, 8.388109762336171e-08, 8.710728849337102e-08, 9.033348646880768e-08, 9.355968444424434e-08, 9.6785882419681e-08, 1.000120732896903e-07, 1.0323827126512697e-07]}, "nc3_end_task": {"_type": "histogram", "values": [4, 0, 5, 0, 0, 5, 0, 0, 6, 0, 2, 0, 0, 5, 0, 0, 2, 0, 2, 0, 0, 7, 0, 0, 0, 0, 0, 0, 0, 1, 0, 1], "bins": [5.960464477539063e-08, 0.007343834266066551, 0.014687608927488327, 0.022031383588910103, 0.02937515825033188, 0.036718934774398804, 0.04406270757317543, 0.05140648037195206, 0.05875025689601898, 0.06609403342008591, 0.07343780994415283, 0.08078157901763916, 0.08812535554170609, 0.09546913206577301, 0.10281290113925934, 0.11015667766332626, 0.11750045418739319, 0.12484423071146011, 0.13218800723552704, 0.13953177630901337, 0.1468755602836609, 0.15421932935714722, 0.16156309843063354, 0.16890688240528107, 0.1762506514787674, 0.18359442055225372, 0.19093820452690125, 0.19828197360038757, 0.2056257426738739, 0.21296952664852142, 0.22031329572200775, 0.22765707969665527, 0.2350008487701416]}, "nc4_end_task": {"_type": "histogram", "values": [1, 1, 0, 0, 0, 0, 0, 0, 1, 0, 0, 0, 0, 0, 0, 1, 0, 0, 3, 2, 1, 0, 4, 0, 0, 2, 3, 7, 0, 5, 2, 7], "bins": [0.7699999809265137, 0.7771874666213989, 0.7843749523162842, 0.7915624976158142, 0.7987499833106995, 0.8059374690055847, 0.8131250143051147, 0.8203125, 0.8274999856948853, 0.8346874713897705, 0.8418749570846558, 0.8490625023841858, 0.856249988079071, 0.8634374737739563, 0.8706250190734863, 0.8778125047683716, 0.8849999904632568, 0.8921874761581421, 0.8993749618530273, 0.9065625071525574, 0.9137499928474426, 0.9209374785423279, 0.9281250238418579, 0.9353125095367432, 0.9424999952316284, 0.9496874809265137, 0.9568749666213989, 0.964062511920929, 0.9712499976158142, 0.9784374833106995, 0.9856250286102295, 0.9928125143051147, 1.0]}, "_timestamp": 1704467017.547814, "_runtime": 188.9077877998352, "_step": 2, "_wandb": {"runtime": 187}}